{
	"partitions" : [
		{
			"name" : "Top",
			"pins" : [
				{
					"name" : "writedata[0]",
					"strict" : false
				},
				{
					"name" : "writedata[1]",
					"strict" : false
				},
				{
					"name" : "writedata[2]",
					"strict" : false
				},
				{
					"name" : "writedata[3]",
					"strict" : false
				},
				{
					"name" : "writedata[4]",
					"strict" : false
				},
				{
					"name" : "dataadr[0]",
					"strict" : false
				},
				{
					"name" : "dataadr[1]",
					"strict" : false
				},
				{
					"name" : "dataadr[2]",
					"strict" : false
				},
				{
					"name" : "dataadr[3]",
					"strict" : false
				},
				{
					"name" : "dataadr[4]",
					"strict" : false
				},
				{
					"name" : "clk",
					"strict" : false
				},
				{
					"name" : "reset",
					"strict" : false
				}
			]
		}
	]
}